transaction_number	last_time	receipt_transactions	sent_Variance_BTC	min_sent_transaction_id	total_sent_BTC	label	balance	max_sent_transaction_id	sent_Variance_USD	total_sent_USD	gs_checked	min_received_amount	activity_w	activity_d	total_received_BTC	min_sent_amount	received_Variance_USD	first_time	sent_counters	total_received_USD	max_received_transaction_id	transaction_fee	received_counters	watchback_checked	transaction_fee_Variance	received_Variance_BTC	activity_time	total_output_slots	payment_transactions	total_input_slots	address	max_sent_amount	min_received_transaction_id	max_received_amount	lifetime	flow_ratio	fan_ratio
2	2016/10/3 6:59	1	0.0	ba030bf09c6824b25f97d6ad39e30bdc2cd88dd843069ab3209cec2aa07d65d4	30864040.0	1	0.0	ba030bf09c6824b25f97d6ad39e30bdc2cd88dd843069ab3209cec2aa07d65d4	0.0	188.7644686	1	30864040.0	1	1	30864040.0	30864040.0	0.0	2016/10/2 13:46	2	188.4866923	d4fbaf42e9b8156cf36ebacc2c81b6b8079889bd4a2c7cafd7ce51d42ad3b3b2	10293.51852	2	-1	0.0	0.0	2	1	1	1	1F4yn3gLAGDXfg5mS1w4oUmN9HhRXHrHqN	30864040.0	d4fbaf42e9b8156cf36ebacc2c81b6b8079889bd4a2c7cafd7ce51d42ad3b3b2	30864040.0	62002.0	1.0014736652326692	0.9999900000999989
2	2019/6/22 15:30	2	0.0		0.0	1	53852094.0		0.0	0.0	-1	5022900.0	1	0	53852094.0		5514934.239	2019/6/22 13:35	3	5773.859962	1ba0309c39579b551adf66181fd44d10149865edb314321a6aa0a5f7e04a00cf	0.0	0	-1	0.0	480000000000000.0	1	2	0	0	14kCwWrLQNv4JZPUeYeJ1R8RxysY8MAUBn		796c3102e7c82d155be65b0f5bba50f05923738f3fde0a8e9a40e9cc4bb09956	48829194.0	6877.0	0.0	199999.99999999997
7	2023/12/3 21:34	4	794000000000000.0	7520921dd84ba2028629e3ff49f1958df218a659eb70e7c5ff9c08ae4afddc6d	156928679.0	0	0.0	54deaa2949818e22919e67638b5f52fbd167c6d2843b08eb97a6841dff12e8d6	144796463.0	56998.10597	-1	70000.0	3	3	156928679.0	70000.0	179525067.9	2017/12/5 19:51	12	56998.10597	0609e2dfd819ee9234e073b9617c19c895660117bc6d7192d776af21ba9c2c59	165500.836	8	-1	193202511.4	1030000000000000.0	3	4	3	4	18xM1Zi8FdsjX1bAgujKAjVNsFaLZNiEw	71888679.0	edf39e3b4b1f678a098f52439d85f823a2acf3b063b3b5df9e30c228dd8d9eb0	71888679.0	189135823.0	0.9999999998245556	0.9999975000062501
2	2016/3/18 15:19	1	0.0	c30b23289b001efcc5ca283a2243954fa67e85e3619d7cb4980a9aa8e263e975	400000000.0	1	0.0	c30b23289b001efcc5ca283a2243954fa67e85e3619d7cb4980a9aa8e263e975	0.0	1632.8	1	400000000.0	1	1	400000000.0	400000000.0	0.0	2016/3/18 7:10	1	1632.8	864c8ea5e8df629f63490beb8d953806b9d2687bc3f4e1d01f9bef3d409a8516	1178.45	2	-1	0.0	0.0	1	1	1	1	1EUdsRr1Ca9ntwwbCUXJicsTgfyAmSdch7	400000000.0	864c8ea5e8df629f63490beb8d953806b9d2687bc3f4e1d01f9bef3d409a8516	400000000.0	29321.0	0.9999999938755513	0.9999900000999989
2	2016/3/21 11:03	1	0.0	808760f51c7ee0fd2167b21bc8465523ead244125f309b950a9bc5ebad3e99b0	50770372.0	1	0.0	808760f51c7ee0fd2167b21bc8465523ead244125f309b950a9bc5ebad3e99b0	0.0	208.7169993	1	50770372.0	1	1	50770372.0	50770372.0	0.0	2016/3/19 1:01	1	207.4985104	babcc2af96be7a204fc337aee8995bbd6aefe7a9c8777b9c9b5cbe2db24bb656	775.1351351	2	-1	0.0	0.0	2	1	1	1	1Q8ER4Luvo6DEoMtXX6qYNCfXSsQiqsPJt	50770372.0	babcc2af96be7a204fc337aee8995bbd6aefe7a9c8777b9c9b5cbe2db24bb656	50770372.0	208944.0	1.0058722293424123	0.9999900000999989
12	2022/6/17 0:21	7	1310000000000.0	c6fc74e0a90fbcf0dffa10f625e8d25b85caf3512be900db1d1012fa9691b855	10330985.0	1	0.0	97252e0471da70e064572016a523af8d4179b6d553d452c384ee77c3d57c89a9	66444.2781	2618.185049	-1	158780.0	5	5	10330985.0	158780.0	57878.19183	2022/4/30 21:04	12	2569.200672	2926059dbb03df0d3fd0a584a58c6a0fd30f3423d9a94b061dece90252bde2f4	3968.5	14	-1	179977.5306	1390000000000.0	10	7	5	7	bc1qpxuuprkkf45gmzdasxfgdnxj5t3x2h975637ea	3976518.0	b57a489ba3f4ba8ac070434aae02d19b3860b7839c7f86b05da6ec98770f252f	3976518.0	4072627.0	1.019065994861043	0.9999985714306123
38	2021/12/12 0:38	29	587000000000.0	332d80b8c3e4ec81ffb80f4c53eeb5fef75543c01c71efb6e6911b6e44d38706	9357379.0	0	0.0	17eac91658ff6d2f927838e3e6ce5c7a62b3f70803d4df705738f48095cff684	187235.3058	5053.480789	-1	53991.0	15	7	9357379.0	53991.0	136182.6064	2021/11/25 22:30	29	5107.126734	db423c9f5491b609f3e38405db1f75fa23bbc16def4707604316e041f889f94a	118052.4167	45	-1	745876.4687	389000000000.0	17	29	9	29	1B9sa8krSNfXDGhUh5tDbdmhgJ9bcnwqM	3578458.0	fb7f3229cad34483e589617da5a46df0ccf9928321d7f6bfbb601f18ca183e93	3578458.0	1390048.0	0.9894958637823068	0.9999996551725328
13	2024/3/8 8:56	7	28300000000000.0	d3dd37b41214dc08b70a27a95b1a331aac7ac0ded988ab3efe876c1b9332eaf4	47718224.0	0	0.0	af7412eae62197a4261fa35e840bb0e94ca193d134c3cd5284d5c64ccb40a3a3	101711.5951	3432.443911	-1	124774.0	5	6	47718224.0	124774.0	78382.14994	2018/1/2 0:02	11	3610.113609	dca4922243878b948745f33a963aee29fed045a0a64f388c269b4c5e84ea364b	35399.85671	12	-1	42312539.97	18800000000000.0	8	7	6	7	1bLzBDkk8cfhsGzBjmX9GDvt1ygbRY8Be	15500000.0	574b2b2c406370b0b3074fc9363125c687550e190b0305597cfe80f5aa3b63ac	15500000.0	195036804.0	0.950785563350437	0.9999985714306123
1	2022/5/4 17:52	1	0.0		0.0	0	232265.0		0.0	0.0	-1	232265.0	1	0	232265.0		0.0	2022/5/4 17:52	1	92.1813332	31a451782da4f6c1f9303e47777fe023a76fb2eca20cc3026e10614d45566a29	0.0	0	-1	0.0	0.0	1	1	0	0	bc1qefhdx4alv0n8t75acgdc3dwac3rs3hlca2qwgh		31a451782da4f6c1f9303e47777fe023a76fb2eca20cc3026e10614d45566a29	232265.0	0.0	0.0	99999.99999999999
2	2024/2/18 23:01	1	0.0	8442aa787979a63a6686c5f0f66801a51bcd0eafe485c6036131171c9fcd81da	115942264.0	0	0.0	8442aa787979a63a6686c5f0f66801a51bcd0eafe485c6036131171c9fcd81da	0.0	60426.20944	-1	115942264.0	1	1	115942264.0	115942264.0	0.0	2020/12/29 19:36	1	31740.35419	1f4f991d73f097c671cd9576c1ed647f1a19816ddf26284f0c7b7f0a09e32a8d	2310.0	2	-1	0.0	0.0	2	1	1	1	3NHEjb8Mt8XC3T3cEobe7aUqqTzeGmp1Nr	115942264.0	1f4f991d73f097c671cd9576c1ed647f1a19816ddf26284f0c7b7f0a09e32a8d	115942264.0	99026717.0	1.9037660720244893	0.9999900000999989
2	2023/12/22 21:05	1	0.0	aae697a291b6476fd97b353e7d65b3bf0aaca82148d84894edea4c6a24c177b7	379924.0	0	0.0	aae697a291b6476fd97b353e7d65b3bf0aaca82148d84894edea4c6a24c177b7	0.0	167.0484036	-1	379924.0	1	1	379924.0	379924.0	0.0	2023/12/22 17:34	1	167.0484036	8c5001cad45acda48c12e0d19253bad6ef53254242c98bbd708165d46678cad4	117730.2222	189	-1	0.0	0.0	1	1	1	1	bc1qzsz4sp4p723esquffa78u6pph4nd26359jaxh9	379924.0	8c5001cad45acda48c12e0d19253bad6ef53254242c98bbd708165d46678cad4	379924.0	12682.0	0.9999999401371148	0.9999900000999989
2780	2020/7/20 1:45	1390	7030000000000000.0	974800d2c0737d619fdfb1880a2b4d4b987809d5bb405a40d1475260e2e59b21	166000000000.0	0	0.0	6469cb8bafda327ad308beb95617d61ec8b9a708fa5550d80ee1be82ed29e2d1	45023386.23	10591003.92	-1	888.0	512	512	166000000000.0	888.0	45021759.68	2018/6/8 17:11	3509	10590748.5	6f17825b7f650aec264e7c7d7b03721400adf3492858c39340b64c926bf47749	8040518.032	2780	-1	45169258.76	7030000000000000.0	512	1390	1390	1390	3CsFk6PKzm4hA8rES3ChGkVhFM2eABpcRc	2598760200.0	96fabbc162013f6f6dd0f450f373fe118a8f70767582fdea69dc996a34cd7100	2598760200.0	66731646.0	1.0000241172746194	0.9999999928057555
2	2023/12/4 22:30	1	0.0	cdbda45700468d80cd170467825a9c9314ed4487a64e63f4bebdf52b893987a2	13995518.0	0	0.0	cdbda45700468d80cd170467825a9c9314ed4487a64e63f4bebdf52b893987a2	0.0	5876.410107	-1	13995518.0	1	1	13995518.0	13995518.0	0.0	2023/12/4 21:05	1	5876.410107	c332e6565403b0e74bbe12da9a9bdc80a76ddeb54fae8610e97c53eef4ef6372	23903.75	10	-1	0.0	0.0	1	1	1	1	3P1mviCqNLvS6CxL6QqgBRShvXv2DYCeiV	13995518.0	c332e6565403b0e74bbe12da9a9bdc80a76ddeb54fae8610e97c53eef4ef6372	13995518.0	5114.0	0.9999999982982808	0.9999900000999989
450	2023/8/23 20:19	229	92900000000000.0	28d489d7caf990d7201c6860b41cfd9b114707727049f0900d1d56a01c5b463d	1729572265.0	1	0.0	e9ece61c8c77a1045d2a01065ef6046a91c1effb03a97027f9d5eb9b95cea5f9	731758.0969	173620.8904	-1	21518.0	174	163	1729572265.0	21518.0	724122.5691	2019/5/2 20:56	547	173341.179	e094682916c2a907d17faeb84e79dcaac94dfa5dcd072572760af80b6043cef6	1188014.819	849	-1	36593682.34	92300000000000.0	264	229	221	229	382nfdiqdU67rgtp6EMVkqqE7Umviykcx9	46950873.0	b34c647c07e88b0fc27c0041017b33d9da59ea2b7262027de69c258cc969bad0	46950873.0	135991393.0	1.0016136465183723	0.9999999563318797
150	2021/5/30 23:42	92	8230000000000000.0	1a861d18d6dfec62c54cc8f6fce50662f5d2cfc7782176cd145bd40be0665640	4638738129.0	1	0.0	7ac31205f6d0aaaa5da628b403b3a64c78d2b3af82ec7c99aa99885cb06eb1df	2661530336.0	2510385.15	-1	50000.0	48	42	4638738129.0	50000.0	2610614456.0	2021/4/2 19:51	611	2511166.205	db49a6f441274182752a528b7263cc54b3ee0dea04c4074936f68c3ef1bf08f7	1782072.0	92	-1	110464790.6	7990000000000000.0	50	92	58	92	3FEvSkQJn5Wq15WJSoQvUJ4xQeQ8GFLcGH	487848335.0	a7bd42a86a84b5d5993a13caa829985d259aea5922be2fcc5e3b11a40209a545	487848335.0	5025087.0	0.9996889672183219	0.9999998913043596
4	2021/6/11 8:31	2	30614089.0	7875189dbe0f3e0093f56f0daf57da749fb2e1451034acdb9106d88b241d441b	1339068.0	1	0.0	cf53053cb5288a51846f1f2aaa9d2e350c0feb921be6047dc4fc1f81798ba0a2	4.262642605	499.6678679	-1	664001.0	1	1	1339068.0	664001.0	4.112018677	2021/6/10 12:51	3	490.7603876	a48447e3d2bcc5563f96e7c81bf51d5fde3b00607154ad01b65a1084e879bac0	5900.0	3	-1	24336.0	30614089.0	2	2	2	2	bc1qanhcl4days4y40dskzq9esc3tvu5tt6xl0yvcx	675067.0	e5781590426769992affd205fac76b830b81d382c7a3df7380f9c5512a356816	675067.0	70799.0	1.0181503445338311	0.9999950000249999
2	2024/1/3 17:52	1	0.0	e01e271a47e7b426cf18607c50c3cd419fad38267daf52951c88fd926d46dc35	5535806.0	0	0.0	e01e271a47e7b426cf18607c50c3cd419fad38267daf52951c88fd926d46dc35	0.0	2371.323394	-1	5535806.0	1	1	5535806.0	5535806.0	0.0	2024/1/3 10:44	1	2371.323394	0e18f19340282795ea45ac632db85ee78310d7f5879d6c8a071a5bab3ac775d1	23058.0	1	-1	0.0	0.0	1	1	1	1	1AKArBU7nMQDSeXaumPSwtjYfHRPXnpDEq	5535806.0	0e18f19340282795ea45ac632db85ee78310d7f5879d6c8a071a5bab3ac775d1	5535806.0	25671.0	0.9999999957829454	0.9999900000999989
2	2020/11/30 10:51	1	0.0	e505815cd7fe271669b6a4d9070e6577d3158d7f8a9823b815db7f627c27fa41	55952801.0	1	0.0	e505815cd7fe271669b6a4d9070e6577d3158d7f8a9823b815db7f627c27fa41	0.0	11021.63869	-1	55952801.0	1	1	55952801.0	55952801.0	0.0	2020/11/30 10:08	1	11021.63869	cc231dc5241f13422546446e19d2b92272c7bf96976e49a7c8f176133aee523e	5625.0	2	-1	0.0	0.0	1	1	1	1	1ARYE8bJ9Hrx2DecYSEhYiXnVXqaaf7Gga	55952801.0	cc231dc5241f13422546446e19d2b92272c7bf96976e49a7c8f176133aee523e	55952801.0	2526.0	0.9999999990926939	0.9999900000999989
2	2024/1/5 12:07	1	0.0	1b5e5e1cce293a3b7f700b00f0a895ce1a041496429ac85f7470c1d5c23e9b55	2054568.0	0	0.0	1b5e5e1cce293a3b7f700b00f0a895ce1a041496429ac85f7470c1d5c23e9b55	0.0	907.2335372	-1	2054568.0	1	1	2054568.0	2054568.0	0.0	2024/1/1 12:47	1	907.7779977	8ab4378b8b160a782c737ad249cbf04e707c1cd867d5d95a5f1d9482dd17ebcb	5812.722581	1	-1	0.0	0.0	2	1	1	1	3G71GvPXsnsUnEm1mx3zZYviBANBcdPerg	2054568.0	8ab4378b8b160a782c737ad249cbf04e707c1cd867d5d95a5f1d9482dd17ebcb	2054568.0	343253.0	0.9994002162473846	0.9999900000999989
2	2023/12/29 19:08	1	0.0	689dd5dad31f10088827ce7f7d200eed2fd971dc7c9798e8f94c28aa0a8e00bf	972235.0	1	0.0	689dd5dad31f10088827ce7f7d200eed2fd971dc7c9798e8f94c28aa0a8e00bf	0.0	409.0425981	-1	972235.0	1	1	972235.0	972235.0	0.0	2023/12/29 15:29	1	409.0425981	02374044d30222d6dc56c886a7eae08d1304d8286c40858915d6510d0b0ecc1f	13320.0	1	-1	0.0	0.0	1	1	1	1	bc1qfhc5t4y0sdmfkddgjjg4z8zcpng8tgakyffw9d	972235.0	02374044d30222d6dc56c886a7eae08d1304d8286c40858915d6510d0b0ecc1f	972235.0	13143.0	0.9999999755526692	0.9999900000999989
4	2024/3/24 6:29	2	1060000000000.0	232b8156653a272f68a1fc52c9f2b248dfb8ff709791b76c197c71e86203deef	2455677.0	0	0.0	287b5cbc9edc7b2644b6030cf8cd48a70f3ed22d555af8a3231e19c7497fe2b2	241817.9152	1253.25735	-1	200677.0	2	2	2455677.0	200677.0	224002.734	2021/2/28 21:04	2	1090.317858	160ed5232a93048d93975319e78261e20887cd80da6e111d1dd867dc7038690d	16767.11415	3	-1	53941343.48	1060000000000.0	4	2	2	2	16my7pRqMfD2jB6GoS1brj1nkf6KECLKHJ	2255000.0	de806ffe9cc0b2ac428dbce41c658b1fc5d2a8269d08e7ba0da0abdf2e799c6a	2255000.0	96715511.0	1.1494421826718153	0.9999950000249999
2	2023/11/21 23:33	2	0.0		0.0	0	6874704.0		0.0	0.0	-1	106884.0	2	0	6874704.0		954355.1419	2023/4/17 16:59	2	2030.380057	44fdba12a2412ac8e8f3c952aef8b3f56c5582774500321eec7b3819247b2f03	0.0	0	-1	0.0	11100000000000.0	2	2	0	0	3Qp5PDPnodccfxYz3kRX1xcaAr7BwibFG7		6a477e1a8458337dfce3f2d358b42aea00efc637099c4374ab072b9a57ac6d5f	6767820.0	18858823.0	0.0	199999.99999999997
2	2024/3/10 2:23	1	0.0	f31fe0fdc95cb8d151589f6386ae794c38d09e1b9647078b7dcb4f3b432acfa2	594111.0	0	0.0	f31fe0fdc95cb8d151589f6386ae794c38d09e1b9647078b7dcb4f3b432acfa2	0.0	409.7274629	-1	594111.0	1	1	594111.0	594111.0	0.0	2024/3/7 14:33	1	397.1946914	8903acafc201c49dbaae847e6e6cd28a6759f5977affffc5a299941a3f12cb9c	3820.5	2	-1	0.0	0.0	2	1	1	1	3F7DycRPEbyos2WdBQNqivPY6vSzripLBJ	594111.0	8903acafc201c49dbaae847e6e6cd28a6759f5977affffc5a299941a3f12cb9c	594111.0	215370.0	1.0315531940779308	0.9999900000999989
0		0	0.0		0.0	0	0.0		0.0	0.0	-1		0	0	0.0		0.0		0	0.0		0.0	0	-1	0.0	0.0	0	0	0	0	bc1q092zf0thxru3d9qswcce27ack3we63cpmmcr2d					0.0	0.0
6	2023/1/16 21:08	3	42835897913.0	d3eeed8da9a985441250c7a30aa60a5b0eb7cb07ea9d3ac8636552ece7a98430	1960000.0	0	0.0	976ca17632768cae04c281dfcc1e7f5817a16d719d1d93f0df24481a03c35c53	2224.332912	404.0124	-1	480000.0	2	2	1960000.0	480000.0	2224.332912	2023/1/12 19:06	3	404.0124	c3e1ab8db0716ed91eacc142925021836e2aba56431c40fd8f655649695f9406	2791.611111	6	-1	87408.86077	42835897913.0	2	3	3	3	bc1q5ac2cnjwncfuv6e5fuwc0v6tn89x68wsc5vv32	944256.0	37d72b720b2ba0cc67a6ed4178c46cd87a5789a79e67d20dc884a82077b14362	944256.0	352904.0	0.9999999752482851	0.9999966666777778
2	2021/10/19 7:39	1	0.0	7f49affdc1f3a80af83056dd45f5eb5a944922629529a28d1cdbcc964412d0ef	14739902493.0	1	0.0	7f49affdc1f3a80af83056dd45f5eb5a944922629529a28d1cdbcc964412d0ef	0.0	9474588.224	-1	14739902493.0	1	1	14739902493.0	14739902493.0	0.0	2021/10/19 6:36	1	9474588.224	f0b632ccd0e58870110a09502a4cf83c5659cda59ec3f371c879866f7b22ac4a	1844.0	2	-1	0.0	0.0	1	1	1	1	3AHZnfgeYxibCVGRPr8AHERc7YfnDsKSDQ	14739902493.0	f0b632ccd0e58870110a09502a4cf83c5659cda59ec3f371c879866f7b22ac4a	14739902493.0	3752.0	0.9999999999989445	0.9999900000999989
2	2023/3/4 15:49	1	0.0	53659416dd16d87d4543615957ef734db2a601a68f5f6708a26fc537dc742194	170945.0	0	0.0	53659416dd16d87d4543615957ef734db2a601a68f5f6708a26fc537dc742194	0.0	38.2012501	-1	170945.0	1	1	170945.0	170945.0	0.0	2023/3/2 0:51	1	40.11292803	8011b339e786a649b06261c4f4918d815a4bb89a3a2ca01553e4b0ef45484700	655.25	9	-1	0.0	0.0	2	1	1	1	3ARwzz2E33dtdwJiNxBbQxmQPDNZ2xwJe2	170945.0	8011b339e786a649b06261c4f4918d815a4bb89a3a2ca01553e4b0ef45484700	170945.0	226698.0	0.9523423607472913	0.9999900000999989
0		0	0.0		0.0	0	0.0		0.0	0.0	-1		0	0	0.0		0.0		0	0.0		0.0	0	-1	0.0	0.0	0	0	0	0	1BAbYsB4LKjYzSTsG8SKc3Wv6ZMsFTg7Pz					0.0	0.0
2	2021/3/28 18:24	1	0.0	0e13ba4e55b09724587e89aff318398131f74da17576f7df24b3d9498d80a4be	1292749.0	1	0.0	0e13ba4e55b09724587e89aff318398131f74da17576f7df24b3d9498d80a4be	0.0	720.9040653	-1	1292749.0	1	1	1292749.0	1292749.0	0.0	2021/3/27 7:15	1	722.1670811	ccde46cb60e769cf71f073fc4f2a6b36a4058147b13f61df6194f4915a5db72d	13090.0	2	-1	0.0	0.0	2	1	1	1	1Nm6Y7CBtyrs4MGZ47nG6oqMkn1YnDgg53	1292749.0	ccde46cb60e769cf71f073fc4f2a6b36a4058147b13f61df6194f4915a5db72d	1292749.0	126565.0	0.9982510615402369	0.9999900000999989
3	2023/4/6 20:35	2	2075040.25	51f2827cca02cfde21850e3f9677bb2e12383d7a412810fe5f1a67ca789655ae	17119.0	1	0.0	51f2827cca02cfde21850e3f9677bb2e12383d7a412810fe5f1a67ca789655ae	0.163109897	4.799602673	-1	7119.0	1	1	17119.0	7119.0	0.164705511	2023/4/5 17:36	2	4.823021465	6099eb18f97f5974c9f2d74a2af28cba6f4ebcd5d4edebfdb71f11fc4d2c5fa5	3560.0	2	-1	0.0	2075040.25	2	2	1	2	bc1q2lsu8wxh05588e24zm7chgcfl0v5u06fay3hzw	10000.0	33aea3cd06acb63c49657028b44dea4773c41d490aa0b5483cfa237e115da62f	10000.0	97137.0	0.995142309941368	0.9999950000249999
60	2023/12/6 8:16	36	1.55e+19	acde706e9171243586a40988b170c6b0abea7d7b4c066980cdfa9b30bb5cf0d8	99516943303.0	1	0.0	2bfd5dd9cff2e002b44a1cbd6f049645318a77abbbb277a1ea0a16103fb76103	4690000000000.0	43184276.3	-1	22077.0	27	30	99516943303.0	22077.0	5840000000000.0	2020/12/28 1:27	46	43295084.58	e36567efc48c3d35f1e586d57014a926c5863cd4d2a7f0d5ebf645217140e332	414578.9555	46	-1	130116028.0	1.88e+19	43	36	35	36	1Bwz8e8BhEg13o4dvNAtoqmAf684r9wDQR	16876961647.0	e5d89e3adbc6f2a690401edee15dfdb0aee23084a0bfe07bfce23c997ee0da24	16876961647.0	92731717.0	0.9974406267805015	0.9999997222222993
2	2023/12/19 8:58	1	0.0	baca2b83238bec9a1dd73fa0fec94d9b8f2d507e61bafd2d08851f8003ae8c77	1013460.0	1	0.0	baca2b83238bec9a1dd73fa0fec94d9b8f2d507e61bafd2d08851f8003ae8c77	0.0	428.2811018	-1	1013460.0	1	1	1013460.0	1013460.0	0.0	2023/12/19 8:42	1	428.2811018	0b75184fe6c0d5a61ac39526aa6e47b3cd1ab840a1cc8af572bc566b2d9d2876	60051.0	1	-1	0.0	0.0	1	1	1	1	bc1q6l4feuxgg87rq5gkpy0s4tx5z4eek7q5mwg0k6	1013460.0	0b75184fe6c0d5a61ac39526aa6e47b3cd1ab840a1cc8af572bc566b2d9d2876	1013460.0	924.0	0.9999999766508498	0.9999900000999989
3	2020/4/29 7:34	2	6.21e+16	3bea1b2e73314134d72aac0cc4e8f30f5afcbd35df603c0be694bff89fb75a8a	501438090.0	1	0.0	3bea1b2e73314134d72aac0cc4e8f30f5afcbd35df603c0be694bff89fb75a8a	478042510.6	43980.63344	1	1438090.0	2	1	501438090.0	1438090.0	348572822.5	2020/4/22 14:59	2	37544.7899	4d192e5bdf6a08304124ea3b4e1c1a051701dffaf45b3fd941f3f1c6ff00e1fb	6342.0	4	-1	0.0	6.21e+16	3	2	1	2	bc1qx35wa2reueyf2jmhq3ffdv5vmqn5s8nm6flp9n	500000000.0	912fb89abf0b54b49df567132ae787886e9ee1284e26ea2ab302690c2a31c815	500000000.0	578128.0	1.1714177531803371	0.9999950000249999
2	2024/1/25 22:58	1	0.0	41d64c9215f562f991998aa18fdf52b518d10b1047f4a00b65a7cef6b9b5ba50	2342936.0	0	0.0	41d64c9215f562f991998aa18fdf52b518d10b1047f4a00b65a7cef6b9b5ba50	0.0	935.6678922	-1	2342936.0	1	1	2342936.0	2342936.0	0.0	2024/1/3 21:22	1	1003.622408	63b544e994d16decf738c36bff8e404d61eebfcf116c50b6265baa0f607055c4	5239.590164	11	-1	0.0	0.0	2	1	1	1	3D6sjHtKUtSuokm9g8LpCW73ZLFtQ7JFX7	2342936.0	63b544e994d16decf738c36bff8e404d61eebfcf116c50b6265baa0f607055c4	2342936.0	1906575.0	0.932290745422548	0.9999900000999989
1	2023/12/3 18:55	1	0.0		0.0	0	47672.0		0.0	0.0	-1	47672.0	1	0	47672.0		0.0	2023/12/3 18:55	1	19.05459374	08d3af154609b837248e4cea014fc6123ea55f0408fab8b8245d69ddd95b40b0	0.0	0	-1	0.0	0.0	1	1	0	0	1CCwboAiTz5euQTNZmz5GNhVBu964MFPnS		08d3af154609b837248e4cea014fc6123ea55f0408fab8b8245d69ddd95b40b0	47672.0	0.0	0.0	99999.99999999999
2	2024/1/5 21:33	1	0.0	1b195d0b89331a2487504f68c408b503c3e577833830fffd1077be5efb9b88a4	273694.0	0	0.0	1b195d0b89331a2487504f68c408b503c3e577833830fffd1077be5efb9b88a4	0.0	120.8547859	-1	273694.0	1	1	273694.0	273694.0	0.0	2023/12/19 19:14	1	115.6611685	d15b41cc7fb520d991ba0c798018b7ed49db8c4f792006b48a68f9c31bef4b2c	26460.0	1	-1	0.0	0.0	2	1	1	1	1M6WRVerBep1cWgucJtVjn4QgDp4z9Tah3	273694.0	d15b41cc7fb520d991ba0c798018b7ed49db8c4f792006b48a68f9c31bef4b2c	273694.0	1477115.0	1.044903635492526	0.9999900000999989
2	2016/7/27 10:17	1	0.0	9a04beb06a095be11b56a59999b6526637204143978527bf68c15dfdf7c6e7b9	200000000.0	1	0.0	9a04beb06a095be11b56a59999b6526637204143978527bf68c15dfdf7c6e7b9	0.0	1309.0	1	200000000.0	1	1	200000000.0	200000000.0	0.0	2016/7/25 2:15	1	1308.0	1891179ccf5b71f36df72878eaecd7233675c3bb78a34d18960c1065c7ae445d	8056.833333	2	-1	0.0	0.0	2	1	1	1	1HiSCLcH8k7bCGEjT4uaHec2gWbpiftxsn	200000000.0	1891179ccf5b71f36df72878eaecd7233675c3bb78a34d18960c1065c7ae445d	200000000.0	201706.0	1.000764518342779	0.9999900000999989
200	2021/3/5 23:57	135	18400000000000.0	25dc9d757c40d8fb75f733572022cbb6d921292461afc4ec8e1e94332c3462f1	239108476.0	1	4332.0	3937ded0c675f16bc86965e14028ebf678875ea52c6b59aaf6c349ad6cd7ef34	261171.7855	37919.67327	-1	4332.0	76	53	239112808.0	10113.0	88951.70308	2020/7/13 23:57	577	37866.92303	8251c35e1962666c9584582ac5b2d0990c11df5fae1cccf1357d204e3b1daaf8	819851.2294	192	-1	58280754.7	3580000000000.0	91	135	65	134	15bRGDYYFZmhCYxZayGtk7YFvYcNuVoNAx	14438110.0	9bb721e87e77747f6065d3c9d6e2daf86e408a528662d001be7dc0a83aa22b52	14438110.0	20303976.0	1.0013930424171058	1.007462611383387
2	2023/12/10 15:52	1	0.0	7d9bdb8c74188c7baa4a2a1dc1931233db57a28b887dfc7afff3f4aad4395bbf	482678.0	0	0.0	7d9bdb8c74188c7baa4a2a1dc1931233db57a28b887dfc7afff3f4aad4395bbf	0.0	211.369523	-1	482678.0	1	1	482678.0	482678.0	0.0	2023/9/29 17:12	1	129.8876844	d58572708a827db44ec24fca827c659ebac6466df6712d9dbecaf61d75740b30	25906.53886	46	-1	0.0	0.0	2	1	1	1	3AYU1frPbs9fFFonHdQHEe2EuS59cJrCHb	482678.0	d58572708a827db44ec24fca827c659ebac6466df6712d9dbecaf61d75740b30	482678.0	6215999.0	1.627325236439026	0.9999900000999989
115	2022/9/5 9:49	65	104000000000.0	442802979c10a4bb899108b1ddb4b722a869c891907bfa21a28779df3135cdea	23620195.0	1	0.0	fceae5b2333e8179832cca8b4ce47ebb48c2140c61a58444a1db3df9b0656bad	3497.769764	5366.375041	-1	15593.0	9	9	23620195.0	15593.0	2102.400128	2022/5/10 8:23	244	5369.972246	447f8c374504c2d052f82e50d7192545671ef555182f0bbd3135d778899f9de0	43756.3679	65	-1	5316334.911	56593021477.0	10	65	50	65	3MVb1B2kDBMgFBhFc9FoQrRpam7E4Li3j7	1800728.0	b99e70772b3dce2b13c816bba40f53232a15eb9ac12d4ff2da5accebdf456569	1800728.0	10200352.0	0.9993301240996207	0.9999998461538697
2	2024/2/13 16:40	1	0.0	9e2cfb4f7d4766f920f6760161e5689f13cd5c8a013ec69ac40ffe54c17df5f5	4611533.0	0	0.0	9e2cfb4f7d4766f920f6760161e5689f13cd5c8a013ec69ac40ffe54c17df5f5	0.0	2292.669746	-1	4611533.0	1	1	4611533.0	4611533.0	0.0	2024/2/13 16:30	1	2292.669746	f5ee768df3d5b6f9e069ff14ddd31477261592c49230ee1ba15f473640a72777	1904.815	1	-1	0.0	0.0	1	1	1	1	3PVSRyo8PrqpUVY68KKYkJv8XM5n2wCRWg	4611533.0	f5ee768df3d5b6f9e069ff14ddd31477261592c49230ee1ba15f473640a72777	4611533.0	570.0	0.9999999956382727	0.9999900000999989
342	2023/10/30 18:02	342	726000000000.0	8e77445dd3cc87e564da3bb631acd4068e0987dcb9b21e50a4b9d745e7b99de1	193315395.0	1	8839.0	9022d6386f90b1052f68159b0a9b9051cc31ef39f0e2c45ce6a0abe83484fc3d	38505.97354	48154.48268	-1	1647.0	186	144	193324234.0	2199.0	54671.66364	2021/10/28 13:01	347	48338.30696	1db678fb70acc0f6c96dec28eb5c3d182ba0409cf65d158e0aaea9a5cd10ea97	997388.0	341	-1	37556527.38	1010000000000.0	186	345	183	342	bc1qeuw4usgflvqmuxucsckmglv282hzce766hlzmy	4800000.0	5ef531b8ba56d11cc7ab9fca9ea48eac8d69b59fcf82166dbd97e2f7e4d35f1e	4800000.0	63262877.0	0.9961971301536463	1.008771900328307
4	2024/1/13 6:20	2	16300000000000.0	d8f5b9c830cc4931ba29a684419730b2fdbefdb96c152724d4107bcd9d8e005d	31927538.0	0	0.0	e75885ae3273393273de38461d1bb0fdf0541f01e96277a2cc6a969f366f5bd5	1275945.226	12481.36509	-1	11927538.0	2	2	31927538.0	11927538.0	2100217.135	2021/1/8 13:27	2	13341.29482	9206dc5551e20836807829b3bd2be56853a219290c59db9647314738c4e72b62	10829.20689	20	-1	302298.2468	16300000000000.0	4	2	2	2	3Jd17MYfsjT4hwkcagKhxyp4TCCcRpuupy	20000000.0	2ef9ea078e43ff025aa7912b0da8badc3c971e1132e5844af86bf8c55b2e04b0	20000000.0	95014390.0	0.9355437571122173	0.9999950000249999
426	2018/9/14 2:03	213	8441082585.0	db0dec079e1b0dc333bccae8eeac6c83e74a2cde2958b95cab0acd39d6af208d	41484654.0	0	0.0	3f7f2b2842c93271ed18beb3c09de8d2549e820997db32a42dc1badba6091633	104.8475281	3560.712114	-1	100095.0	213	44	41484654.0	100095.0	248.6697505	2017/12/26 1:13	309	3976.929321	4e5d791e9771f79e3273fd23207400b57ce550cf78741b84ff6befc268b20d72	320893.5042	3180	-1	10912462.41	8441082585.0	215	213	213	213	12LZpSTvo5iormp1i4cVvpaAL8LqPkoCcq	502497.0	08fd7d94a1b4ec38a60764473b37420c1d08d6a92a8fc5e8f8323d54cbde1518	502497.0	22639766.0	0.8953420635977601	0.9999999530516454
2	2016/3/6 18:31	1	0.0	049594af35a0e9536aa3fbca99dc1141c8f5f3eeb5dd310fe6720b2ff2934eae	300000000.0	1	0.0	049594af35a0e9536aa3fbca99dc1141c8f5f3eeb5dd310fe6720b2ff2934eae	0.0	1218.0	1	300000000.0	1	1	300000000.0	300000000.0	0.0	2016/3/6 12:15	3	1218.0	e050c92e25b8ad837ea173c6c8c25034604db1ebcde4f627b26397edf5c1ce9e	2836.583333	2	-1	0.0	0.0	1	1	1	1	19XffhbCjtJZjKiBDZWF81E8smS9JGinvj	300000000.0	e050c92e25b8ad837ea173c6c8c25034604db1ebcde4f627b26397edf5c1ce9e	300000000.0	22576.0	0.9999999917898195	0.9999900000999989
4	2023/9/29 18:50	2	12035735556.0	ac1c5a286aa1a9da2fbf592dc8c3dd3cc6c02bc3e675fb6dfe501f49d24a09fd	291417.0	0	0.0	e121ade60c76b555a05c74ceb9e13ce8a6fa9f97e64d4c0bf356c11e4b84b5bc	871.5525483	78.41973187	-1	36001.0	2	1	291417.0	36001.0	301.132476	2022/12/6 13:48	2	52.59127488	cf891d865061cde6e0fd528fc943440f4ef6398b20f01a200922ee3ed3ea6dcb	10485.0	2	-1	575322.25	12035735556.0	3	2	2	2	bc1qzxp3zkllx65fyqcuj06k7n79w9thm7kr5g9q37	255416.0	5e00fb50cbc5679c49718585f9b408a59aa23ffa7c31199fb3c847b58d603071	255416.0	25678937.0	1.4911164853441778	0.9999950000249999
2	2021/3/15 14:19	1	0.0	fe0e6ad2351babe1f14c4ef0b92890ba1c8b718414a5bc3017e9e7ff6d12437e	4700000.0	1	0.0	fe0e6ad2351babe1f14c4ef0b92890ba1c8b718414a5bc3017e9e7ff6d12437e	0.0	2622.1911	-1	4700000.0	1	1	4700000.0	4700000.0	0.0	2020/12/20 4:52	1	1103.3203	75c437d89458165d9bf51a9d7b318c780bb02cc3f024fad216d109435509bcbf	25629.83333	2	1	0.0	0.0	2	1	1	1	1DHFQLT3miuySxRzYmzUqjgskJL7H34fbS	4700000.0	75c437d89458165d9bf51a9d7b318c780bb02cc3f024fad216d109435509bcbf	4700000.0	7378037.0	2.376636300658691	0.9999900000999989
523	2024/5/6 7:42	270	1760000000000.0	a31496a52f047980ec781a2b3799f204e54e4a744557dc3bf66e89d264d0d9e4	193545492.0	0	0.0	950195892204661bbb981e7b1f66be17e8ba730f816b5496e1265b452f896449	78846.54866	61025.49228	-1	500982.0	244	145	193545492.0	500982.0	90701.65541	2019/8/9 9:49	427	59997.67387	f29af8788227a073a64eabce044916e2b950f933f28c497fdbf2a980092faad4	652437.7151	4411	-1	2765206.367	2020000000000.0	268	270	253	270	3GvhTRVCNXtuDUYprjgrMr6utXazd9rhRP	23873850.0	052694a549fa5be31624a66254ccf64cd5c6cabe7cf49fa073af79ef328127d7	23873850.0	149637171.0	1.0171309708115637	0.9999999629629645
1	2023/12/9 9:32	1	0.0		0.0	0	678622.0		0.0	0.0	-1	678622.0	1	0	678622.0		0.0	2023/12/9 9:32	1	296.6826804	7508a4f99ac763970b16515d344132b1e4b95bcb32aff3e4ddf71325887f87ec	0.0	0	-1	0.0	0.0	1	1	0	0	1NLDCYYBAkiAMaKzyMN5kS3SiSG1XtMZi		7508a4f99ac763970b16515d344132b1e4b95bcb32aff3e4ddf71325887f87ec	678622.0	0.0	0.0	99999.99999999999
6	2023/12/30 5:39	3	40000000000000.0	58268506b14a76d549d49c5345e6cd2421f136901a9706eaa08822a7f082d1b5	25374360.0	0	0.0	25a5f5d19157930a6e65edc33dc4023de7a25d0d413c380cee13476f2bfd8ae2	6147548.105	9672.023128	-1	238005.0	2	3	25374360.0	238005.0	6160831.879	2023/11/21 14:18	3	9665.64864	c59c90ad8c12eadf0f39e3b9d75db35b99ecec5269b2575cc673419c8a0beff6	89970.3653	63	-1	17176479.26	40000000000000.0	3	3	3	3	3JWuKxDYt31aQpSsLpzrfKUiZNzvdG5HBM	15625056.0	2f12d8b1ea6a79a5b9858d537afe6acc71bb9984029b712fee3cd9228105675c	15625056.0	3338430.0	1.000659498211742	0.9999966666777778
311	2022/10/10 22:19	159	780000000000000.0	7bb3d56a437f099f80ccc58ebdda6999189da23779a9472ea01095a1a3ee1ec1	2134248424.0	1	0.0	a69f42842a3c1999880726fce939dbc21e2df272178618eaebdbbdbce51bd185	118882701.7	802309.7049	-1	2406.0	104	99	2134248424.0	2406.0	115160931.8	2020/11/3 3:22	284	802391.5389	e25720ca07ab0dc35450dccff1b9378b041718448bf7874877957979d50cd0f2	779884.6247	600	-1	74753246.17	758000000000000.0	134	159	152	159	3E7izF9CHA2UWjabTPjHVn52ZPakiWByts	200000000.0	ad5cf1d6f200e92895691f45af2fcc37b252e8f0cad1986c16f48156f0355321	200000000.0	61066634.0	0.9998980123717267	0.9999999371069221
1	2024/3/5 10:24	1	0.0		0.0	0	22000.0		0.0	0.0	-1	22000.0	1	0	22000.0		0.0	2024/3/5 10:24	1	14.034372	f9ae3bcbfc49b2763b71dc0a2c62bbf68e368bf08ddca86aa823b19d607991e9	0.0	0	-1	0.0	0.0	1	1	0	0	bc1qvlex9qjx6ajnq79h6kg0ph99lhr8az5khc5r88		f9ae3bcbfc49b2763b71dc0a2c62bbf68e368bf08ddca86aa823b19d607991e9	22000.0	0.0	0.0	99999.99999999999
5	2024/3/13 19:17	3	6774359942.0	872bc89a108f71e28bfbe1cef424feb8424b4234a010eb90b29d5233574b0180	384763.0	0	48876.0	dd53925abb4949f55cfdcfd3d43b22c1b051db382ec678c6a73a4ce6b03a8735	115.4937225	76.17776039	-1	48876.0	3	2	433639.0	110075.0	89.80554649	2022/12/12 19:08	3	107.0489632	597a76d65a30410afa16863e4e7b1c2a541fa62c54ebf36c32e473384fdb9b7e	790.796	25	-1	2873.174404	9092646302.0	5	3	2	2	39pWvQWMnRRxNSmqNqhZDsQqsAq6MkR9sY	274688.0	051aa2e69a74bc4319a9f2006d6b4319f73cf3ca8265f702ada48dbc34259750	274688.0	39485341.0	0.7116159839074477	1.4999925000374998
4	2021/1/25 20:31	2	96188060164.0	f17daabc1dc730f871eee0644e6a338ca7e0c3a8087bcafaf133f46f2afbdbfd	5908384.0	1	0.0	02f0f360870739c85af5c6054bbfade0d7f2a7dbea9f0131397cec467603a916	101702.9486	1467.827595	-1	2644050.0	2	2	5908384.0	2644050.0	101702.9486	2020/11/11 18:53	8	1467.827595	5e1fdc8f780573dfcf3195fe99028b1c1c6ace00af26b75a39b84206b665037c	30700.0	2	-1	22562500.0	96188060164.0	2	2	2	2	3HH3zyztKzHBKmgSvrsTq84tHQgqXhhA2o	3264334.0	c2b79c3ec184f993bba8ab597512449c06c5fae9eba234152de7e7efb3d76dd7	3264334.0	6485880.0	0.9999999931872109	0.9999950000249999
5	2024/1/8 4:08	3	49900000000000.0	3654dcd51093d86dedfba8eb643bf0ef0606abbfb5f9f49a860b3994cffc7225	16923050.0	0	61432.0	c4bc4be3392cdac3379904471de77960e2a5f8e24e9b916c6101c3da95400527	11659446.79	7754.032509	-1	61432.0	3	2	16984482.0	1396500.0	9658627.917	2021/7/12 8:50	9	7316.247489	ac064eec30fa5ae53aa29facd4d208c959097d450c64001618d0f9c3e0455090	16626.60294	2	-1	25568712.77	49000000000000.0	4	3	2	2	3QrSBCroEACfVhcvzGuHR9X1nV6eBonXCq	15526550.0	2cb2151ec136893f5606ffeaeaa2e7d056e19348e66265822b714573fda8651d	15526550.0	78607066.0	1.0598373701900923	1.4999925000374998
2	2023/11/23 19:25	1	0.0	73ab932877b8f6e0d9cc8f457c8c0ad0b45413721cd0c82efe77f6d2d21a9105	24330082.0	0	0.0	73ab932877b8f6e0d9cc8f457c8c0ad0b45413721cd0c82efe77f6d2d21a9105	0.0	9073.44181	-1	24330082.0	1	1	24330082.0	24330082.0	0.0	2022/11/21 16:48	1	3838.362396	0c097db6806eebea23221a5bbfdc5b0bc8f0a93519a577155088e02bc5ce5f2b	9108.0	2	-1	0.0	0.0	2	1	1	1	bc1qutde999a8ymg9p6lrvp5pjujgzn3prz8zmg4yz	24330082.0	0c097db6806eebea23221a5bbfdc5b0bc8f0a93519a577155088e02bc5ce5f2b	24330082.0	31718210.0	2.3638835655061383	0.9999900000999989
2	2023/2/9 3:24	1	0.0	33e2a04ff6fcd4e3926d516ebdc0e4b4c9934e5ad81958807676c98d7d8d0032	167067.0	0	0.0	33e2a04ff6fcd4e3926d516ebdc0e4b4c9934e5ad81958807676c98d7d8d0032	0.0	36.40807598	-1	167067.0	1	1	167067.0	167067.0	0.0	2023/2/8 10:40	1	38.36626828	c3ccb94982f85109c618baa3b63d0b131c286b4fd631d3e3c5370b256f8574a4	214.192	1	-1	0.0	0.0	2	1	1	1	3PaK14Y3D5Rj7FyGWXadutHecKtk4gJsuf	167067.0	c3ccb94982f85109c618baa3b63d0b131c286b4fd631d3e3c5370b256f8574a4	167067.0	60244.0	0.9489603269384407	0.9999900000999989
5	2021/11/23 11:47	4	361000000000.0	1b1cb923dd5ee02f645a844ec547fd5fccd17e8ea3f3d75dc34705a61b59205b	2588908.0	1	0.0	1b1cb923dd5ee02f645a844ec547fd5fccd17e8ea3f3d75dc34705a61b59205b	119586.217	1490.517181	-1	121649.0	2	1	2588908.0	121649.0	30076.65999	2021/11/22 9:57	7	1459.321158	cf9e6e6bb58fca6e408b8918e3f428fdc23df3c20fbb5ba7716d9aeb471eeb67	3850.0	4	-1	0.0	95575111524.0	2	4	1	4	38N3H42DoQZocpMAQymcp5x5JuPPvxAwZA	885461.0	ae9bb34dc22d1ab6741fb3461a20faa970f49bef29d5bffdce477a5eae8604ca	885461.0	92978.0	1.0213770715344	0.9999975000062501
16	2024/1/25 23:20	8	64100000000000.0	181e6d1900711de9cbf8b12a246f959e8ad349d0ca38eecdc9165dc3709cb3c1	91800012.0	0	0.0	7e8a57a0a2f391dd931dc599c927e8329bef81ea0f456b59db535e832b18b7ec	540387.5454	8770.89463	-1	60000.0	7	7	91800012.0	60000.0	535402.7063	2018/1/19 7:46	15	8739.952175	5ac1f03933017ecdb0024c2b1edb0172f82aefdd7a494152938a2b69dace8e23	148438.7995	14	-1	86002445.22	64100000000000.0	11	8	8	8	1B74XhWVcre2QnxbhZuha2QRsPEcuZZVvA	22100000.0	e3f1fbe794c2fc18953b714b60ae7f3391e9a7ec714605c7aef66c6f94a560be	22100000.0	189876840.0	1.0035403448834772	0.9999987500015626
2	2024/3/4 1:04	1	0.0	5dda6a28412d60b2a0f5db03372b48b8e179f6539de721afeac00b123d7e7046	14084278.0	0	0.0	5dda6a28412d60b2a0f5db03372b48b8e179f6539de721afeac00b123d7e7046	0.0	9615.350675	-1	14084278.0	1	1	14084278.0	14084278.0	0.0	2023/11/22 16:39	1	5269.041074	52c47e104f4f22a70087756627142425b3830cc8684101ea249167d49766cf28	16078.0	2	-1	0.0	0.0	2	1	1	1	38S83L3x4XeGU4FBDLM1NRQpURgrVgR5w8	14084278.0	52c47e104f4f22a70087756627142425b3830cc8684101ea249167d49766cf28	14084278.0	8843100.0	1.8248767701200943	0.9999900000999989
1	2023/12/22 8:29	1	0.0		0.0	0	215000.0		0.0	0.0	-1	215000.0	1	0	215000.0		0.0	2023/12/22 8:29	1	94.533135	460f773f93c9e6a829f0b0c29cf4fd5ab3abe6a3c3403a4a62e1700e7b95d4b5	0.0	0	-1	0.0	0.0	1	1	0	0	3CgFyN3BJ3NYnBnfz7H9gsbt3BjFFruSak		460f773f93c9e6a829f0b0c29cf4fd5ab3abe6a3c3403a4a62e1700e7b95d4b5	215000.0	0.0	0.0	99999.99999999999
2	2019/6/16 18:29	1	0.0	06e33ad44500857ae78494b1ef090a89db5c7b53b0f1989b71240f5708928712	104719253.0	0	0.0	06e33ad44500857ae78494b1ef090a89db5c7b53b0f1989b71240f5708928712	0.0	9385.46305	-1	104719253.0	1	1	104719253.0	104719253.0	0.0	2019/6/3 10:50	1	8508.229868	f7f573ed5123856643e2cdc47d611ff56a3bf3e63285087ec32ea632a52247f3	12308.2	2	-1	0.0	0.0	2	1	1	1	1BspsRA2znL111AQTPhfEMMHw2oaGqLKwc	104719253.0	f7f573ed5123856643e2cdc47d611ff56a3bf3e63285087ec32ea632a52247f3	104719253.0	1150771.0	1.103104075063638	0.9999900000999989
2	2024/1/18 12:00	1	0.0	88a2fb383dab7c905b3a1dc0a9607e00a2c192ac69fb224cc43fbaa5a75b72f0	2980590.0	0	0.0	88a2fb383dab7c905b3a1dc0a9607e00a2c192ac69fb224cc43fbaa5a75b72f0	0.0	1230.766087	-1	2980590.0	1	1	2980590.0	2980590.0	0.0	2024/1/18 11:44	1	1230.766087	4de1679fbb511835661b7312edd54630be381092335e44684be5aed24087211d	19380.0	6	-1	0.0	0.0	1	1	1	1	32bMeoGtcEzX6EPSijbEFfrVZuMS2WJkVa	2980590.0	4de1679fbb511835661b7312edd54630be381092335e44684be5aed24087211d	2980590.0	977.0	0.9999999918749793	0.9999900000999989
8	2024/3/13 22:03	4	334000000000000.0	7c3985e819dec2454c37f64536270ddb3f78b350a4fa67fb474458bd1e379dc5	59946993.0	0	0.0	61783e7147237c60f33f7f6a53fdaf10528fbba4330c38503f638bc5bbca450e	136305407.7	39640.0392	-1	45000.0	2	3	59946993.0	45000.0	136320526.3	2024/3/5 13:52	4	39636.97362	cdac723d45c0ac5490a7c35617c06cf167c6a186e324d8bf9f2ca7ec93ab2d77	9661.166667	4	-1	622714.523	334000000000000.0	3	4	4	4	1EEm8y9vR6dUhXK1a9jQDv3Y1Z4tyakPqN	44831993.0	95bb4f5b46c57051d2670c7c683a7cd24507c3191dc4fdb2b03a5129edc907c6	44831993.0	720614.0	1.0000773411721242	0.9999975000062501
384249	2024/5/29 23:52	382412	3.61e+18	b12adc9ffdd24f5d51de4b2649752e836c45c576b7577ed96571075ab334651f	318000000000000.0	0	149000000000.0	2f47fe50cb94d088a1f0a56fce1f44fec849250296cdc5cdd100c83584f73bb6	385000000000.0	96933974808.0	-1	500.0	1001	999	318000000000000.0	500.0	108000000000000.0	2021/7/28 6:54	560516	97092534189.0	a39cfb5d8664af002e2bbd856969fc8c4dc892c7069de52d014179de6ac19200	2956305367.0	658758	-1	190057686.7	1.22e+21	1000	387644	375420	387555	bc1qw8wrek2m7nlqldll66ajnwr9mh64syvkt67zlu	100000000000.0	54e820d361893d9e1377c623d02c6e83cdc9a0cf9704895231bb6d979b9b7843	100000000000.0	89571483.0	0.998366925095483	1.0002296447987968
2	2024/3/29 11:59	2	0.0		0.0	0	10905722.0		0.0	0.0	-1	3036156.0	1	0	10905722.0		2851345.872	2024/3/29 11:48	2	7620.013359	b8e8546ceecb8b2d71acbea32dfdee4b1cb5e3a47fa496d13904a6d80bb68d23	0.0	0	-1	0.0	5840000000000.0	1	2	0	0	bc1q3f37hvnu3dh0gv75lwj53txucj2ndvczg2rlwg		262f642fe0478b722fb4d3ae7ce98ee6d17169af6ae957cd3eeda5d280a3912f	7869566.0	671.0	0.0	199999.99999999997
51	2023/12/31 18:24	36	1490000000000.0	f8077465fffdd03f02e4b70254ec43455af05994a9a7a8e85686d8c06f6fbbac	35534820.0	0	0.0	055190320d4e9d0f06dffc9041f3abf99f2351c640f603ce6ff9a26defd41f48	125168.517	10776.07895	-1	42540.0	24	22	35534820.0	42540.0	200188.7038	2023/3/14 14:55	35	10761.35759	e6e56489fcf78115065f5f62313bde3c882e714438e028d756c297200fcb0882	266440.0	36	-1	86128569.5	2540000000000.0	28	36	30	36	bc1qnnst6upeeyx9xw3axde0ska07tfs94fdq8fy0y	4667121.0	6d5e83eaabcb709aca47785b6703118ac24e1885782742f5954826a4640048a3	4667121.0	25241322.0	1.0013679826047226	0.9999997222222993
2	2024/3/9 21:53	1	0.0	1038bf19978ae1cf3028ec4f9b9cf92a033db94823c9eac091e4f0ba7c62227b	211673.0	0	0.0	1038bf19978ae1cf3028ec4f9b9cf92a033db94823c9eac091e4f0ba7c62227b	0.0	144.7134215	-1	211673.0	1	1	211673.0	211673.0	0.0	2024/3/5 18:42	1	135.0317102	c17dc6065d4a8564fe1e545cd6bf91ba762c03fd825778c15a0ce4f7e2326d04	3513.25	2	-1	0.0	0.0	2	1	1	1	3QcfPbrhJfJNHtDoVP7EaZSM75az7ekAjg	211673.0	c17dc6065d4a8564fe1e545cd6bf91ba762c03fd825778c15a0ce4f7e2326d04	211673.0	357062.0	1.071699459102351	0.9999900000999989
4	2023/10/27 15:23	2	35600000000000.0	b1061a587a7cf5cf22dcfceb8002e45825434dca10198057a5cd25e430a59dbc	21938966.0	0	0.0	efa9eb5601c62862011e06583144154399bc77ce7e6bfd543b6a0ccd2f19f3ff	4095613.392	7437.704375	-1	5000000.0	2	1	21938966.0	5000000.0	4121800.62	2023/10/25 16:30	2	7510.123631	3bdd65ce9e9538d2d7070354a7fdfe38b8beda05e24dc63a04396b926f5ef7e6	3398.885246	42	-1	8373.750067	35600000000000.0	3	2	2	2	3E98Qso1aAXLRLNtRy6mM3VHsNvdu8ajoB	16938966.0	c99d489c466c6017b811500d6c846750e4fc329ff07632e0b58906890e143da8	16938966.0	168727.0	0.9903571140154549	0.9999950000249999
8	2024/2/4 8:52	4	2610000000000.0	cb6ec8ab0550891865800a0bfd0d50831ad9127263545c2efdb8e8bc56d9def0	6879426.0	0	0.0	2166e07561d2ac4198151598c2949e6750ef96db128f80e6e78e7af07ad48340	52774.50083	1257.359012	-1	306751.0	4	4	6879426.0	306751.0	37674.50273	2017/12/22 12:21	229	1184.372015	4b0420d30c711a4270099ade645e0430e1f5db63f44d152366e2c664bb825aea	47498.68114	6	-1	25057188.87	2610000000000.0	8	4	4	4	1NGZTP5CsHxF57YvLXZteqeX3ccJpMeoGj	4347826.0	c7dc86ca46443abbfccf435b18f04f3e8892a43ec4fe72bc10f192ce89298dc6	4347826.0	193091463.0	1.0616250514697863	0.9999975000062501
246	2024/5/28 11:20	136	43275293174.0	414a7b76f0e68c7c470ab367b6cede018ed71a97abc9bbf559ce151b0794f6e8	36171037.0	0	1677585.0	386519b58fbde653fbd9aa442c25ce95630bd79041b5622fbbde7563357bd9da	6450.73936	19766.50225	-1	73258.0	48	41	37848622.0	73258.0	5385.216917	2023/6/15 17:01	136	19901.61197	02c2454b5f733112d596eed36e58515a3b094d77877d7db00bd537a34d8fff22	340483.8506	1707	-1	1443121.83	29829806582.0	77	136	110	127	33m4U7CvA6p89ZQfA3cWTfDxwk1YCB2NVH	1136167.0	9841edebb1897cd94671580313bb513f8b9fff3c411067f72c322198941ba71e	1136167.0	30046734.0	0.9932111162585333	1.0708660574121214
3	2022/12/5 21:36	2	33305520004.0	63945d9c9a56de3856073bab1e124fca50d56830dc9bfe26e596f9ce9ea5cf85	6806982.0	1	0.0	63945d9c9a56de3856073bab1e124fca50d56830dc9bfe26e596f9ce9ea5cf85	958.7397671	1154.906601	-1	3220993.0	2	1	6806982.0	3220993.0	7026.622173	2021/12/21 18:00	2	3317.909893	87b9de7fdc02c06255ed7d7a23fe9fe333e5786a531b613dc3ab95ff01db27e0	11106.90323	4	-1	0.0	33305520004.0	3	2	1	2	1HiTbewnp8XNHy2zdeYQTG3NAicRG7CzuT	3585989.0	2b5484dc9afb22f3e218ec253adec1a100e16cdeac2130870d67f897142eae05	3585989.0	30166523.0	0.3480825684735297	0.9999950000249999
2	2023/12/9 20:22	1	0.0	609a945da860a33a4849efa4a10829fc81e748140bf98cc4393ea42580a473ec	651687.0	0	0.0	609a945da860a33a4849efa4a10829fc81e748140bf98cc4393ea42580a473ec	0.0	284.9071294	-1	651687.0	1	1	651687.0	651687.0	0.0	2023/12/9 13:11	1	284.9071294	b86d1de64356256b238c9649b84abda69a0b3a771fcbe0b9005c9e51ba8bcc67	5492.28	1	-1	0.0	0.0	1	1	1	1	1ELPRj2Q1pDioZVrvRYwuPqPbcpSpDcJFP	651687.0	b86d1de64356256b238c9649b84abda69a0b3a771fcbe0b9005c9e51ba8bcc67	651687.0	25857.0	0.9999999649008445	0.9999900000999989
145	2021/7/28 4:21	73	1.06e+16	53e4f283cc410851daa87e5a9b277de9cb19ddb28b3f19a1b2ae348f02682b01	3163800886.0	0	546.0	9c23187cf1b8ab70341b40820e202db664f2ae30fd5ccc20466207f07a0aea31	190541330.8	240320.5034	-1	546.0	56	54	3163801432.0	546.0	188075932.9	2016/3/2 3:09	81	240386.6429	86734c5f684280a052916f405f778906997adc07709c03341470f09a83993ce8	529250.0665	3044	-1	55068589.28	1.05e+16	57	73	72	72	1FAoCtf8fHn2sqxbrW6tyt5k9eaPWFu9GC	800000000.0	bf2416ad3e45621b8d0c2d618f5926fadc3be8ec6d539fc93ed00f2357ffc5a3	800000000.0	170557901.0	0.9997248619590533	1.0138887480710073
2	2024/2/6 8:27	1	0.0	5fbf63a1a66c10d81a0c4c130faf8b33fcd588b3881ee2792b46ae3932bf9872	96471.0	0	0.0	5fbf63a1a66c10d81a0c4c130faf8b33fcd588b3881ee2792b46ae3932bf9872	0.0	41.56713507	-1	96471.0	1	1	96471.0	96471.0	0.0	2023/12/13 19:09	1	41.371106	01afe599ffe657c978e86781217bb78466e928a09475e1d0c13647e29977b565	3418.566667	1	-1	0.0	0.0	2	1	1	1	13sQHZrg1a9CohVyJDuZW6MqJNxmpDvu9g	96471.0	01afe599ffe657c978e86781217bb78466e928a09475e1d0c13647e29977b565	96471.0	4713492.0	1.0047380658041711	0.9999900000999989
2	2024/5/21 18:03	1	0.0	824cf4fae50bafac971d2593d6c8e3c116d38ad1b11f8319e5b4ec679ec5efcd	679057.0	0	0.0	824cf4fae50bafac971d2593d6c8e3c116d38ad1b11f8319e5b4ec679ec5efcd	0.0	484.8779346	-1	679057.0	1	1	679057.0	679057.0	0.0	2023/12/4 10:48	9	285.121095	b2d1f053db75af4dfbe8a6acd01822db6836f4c0a1cbcc5fe531c5352916a831	837.45	1	-1	0.0	0.0	2	1	1	1	334QTPygQpwgmcLzXxVCepfkGZwCmHAzVj	679057.0	b2d1f053db75af4dfbe8a6acd01822db6836f4c0a1cbcc5fe531c5352916a831	679057.0	14627734.0	1.7006034491904765	0.9999900000999989
2	2022/11/29 19:17	1	0.0	868d2c5d6ca92eea7d442b605b08f876ee0f1c5d1a990382ec0926b569d09126	106799200.0	1	0.0	868d2c5d6ca92eea7d442b605b08f876ee0f1c5d1a990382ec0926b569d09126	0.0	17558.21568	-1	106799200.0	1	1	106799200.0	106799200.0	0.0	2022/11/29 16:54	1	17558.21568	9eb66c21ea126e797c6b7611bb34e61188924acee39a5fcf6f53764dd126b0ec	4200.0	1	-1	0.0	0.0	1	1	1	1	bc1qwmsxzrzd33d3f0kcuvz43h5uhn2fhxm4urat9j	106799200.0	9eb66c21ea126e797c6b7611bb34e61188924acee39a5fcf6f53764dd126b0ec	106799200.0	8542.0	0.999999999430466	0.9999900000999989
2	2024/3/14 13:59	1	0.0	dfab03977964634f34fed479bfb3d3b92193a70c01c74bebf63f36b1edd07de4	490905.0	0	0.0	dfab03977964634f34fed479bfb3d3b92193a70c01c74bebf63f36b1edd07de4	0.0	350.4448069	-1	490905.0	1	1	490905.0	490905.0	0.0	2024/3/9 23:36	1	335.6145668	23e30fd645f1934ca90ae69bbf683a9fda623b3479146c34fbaccfc8e87a72a5	2730.581081	25	-1	0.0	0.0	2	1	1	1	3E4NotxyjGqdT611aLiTBH2izMKs8W8uED	490905.0	23e30fd645f1934ca90ae69bbf683a9fda623b3479146c34fbaccfc8e87a72a5	490905.0	397339.0	1.044188277640985	0.9999900000999989
778	2024/5/3 12:54	760	9140000000000.0	11b2b739e6bc1a8c3826e753d0741518c055f036f291ad64b0e6165faa67b81f	50151372.0	1	290297.0	9ef0ce049ac2c8a96a663ded2d42a917ab8b023aa44fdf5bd4175756e48adee6	439442.7496	11093.63666	-1	546.0	176	10	50441669.0	546.0	233.4907318	2022/4/10 15:11	1714	13932.03542	35d8baed6188881fbcf28a61a242df9fa190e31383d338797edf4816b82de0b6	589069.8697	1004	-1	728757.151	2840237625.0	180	760	18	724	3DJ1gSGRQsMY32chwPbPgUXYinsqPuAcmU	730000.0	d12dd597c822bda3825eb47304bdd481a11e487b3b010a2a1532aecab432f90b	730000.0	65137395.0	0.7962681918043328	1.0497237424071306
59	2024/2/2 10:21	30	2470000000000.0	02585baaa396c514f08cb236636435f64c570e14d8af53cfb44b5c280f1c2df9	54876369.0	0	0.0	21ef473dc8d2b9d11d7104583eb846275a6110f33b9ea334ee8b6fb35fd09555	320289.3761	18458.65181	-1	79479.0	26	26	54876369.0	79479.0	319132.9199	2023/4/11 11:11	43	18407.32163	f266b924c3945125caa60823aef48db83caf4ce841eb31a6d392c85ddaa013b5	221487.5767	30	-1	91826919.14	2470000000000.0	29	30	29	30	3ChmHX4oYudivaz4yJunUHkkKJX9oGaP2K	5251384.0	a08696536c17b44b807ac9d8a9477eb9c8ef3cbea5dbea0b339240e40296daf1	5251384.0	25657760.0	1.002788573536329	0.9999996666667778
50	2024/4/4 17:41	25	2460000000000000.0	4274775b896ea13bcf6c91a34144b807cd32031e9d14de53d06aec6912a95480	1333482803.0	0	0.0	6eac11ec47d5f0c2fc4cf38bf4a9f8d9069d7fbf8851e469de8b1ad4000ad57e	212626935.9	453918.7835	-1	71650.0	22	18	1333482803.0	71650.0	199950280.5	2023/3/8 2:55	28	442157.5566	36efb274d659a0ce0bf5df47a99af8cf8517d95d1600fb2010ecb6fbeaabfeaa	90750.96919	396	-1	2974103.067	2460000000000000.0	30	25	25	25	39hePn7CgKkeAs99aNjQkpzjXAr6S7pDWy	194249560.0	36747eb052edc890a3ce7eb73907af6b6d397c362d4d51f14ec6b9562d65ee18	194249560.0	34008412.0	1.0265996288295347	0.99999960000016
2	2023/12/5 21:32	1	0.0	b715326b3101313172a9eeeb826543d099a04801b9b2cef23495088c71063ba3	588405.0	0	0.0	b715326b3101313172a9eeeb826543d099a04801b9b2cef23495088c71063ba3	0.0	259.3465646	-1	588405.0	1	1	588405.0	588405.0	0.0	2023/12/5 9:17	1	259.3465646	0e61c78ba1face2a3dd008da6c61d15cac00d04e9030a0dd7d92e87b9d4421f7	18767.16475	2	-1	0.0	0.0	1	1	1	1	3Cmy5MaVcVXWZHmbR1T4dTy3Y3rJokauas	588405.0	0e61c78ba1face2a3dd008da6c61d15cac00d04e9030a0dd7d92e87b9d4421f7	588405.0	44114.0	0.9999999614415576	0.9999900000999989
2	2016/7/8 16:00	1	0.0	4fbb3401e66b0f1890bdba15383f739b593a79bb9abcf9e33480d16f24a1b776	250000000.0	1	0.0	4fbb3401e66b0f1890bdba15383f739b593a79bb9abcf9e33480d16f24a1b776	0.0	1657.0	1	250000000.0	1	1	250000000.0	250000000.0	0.0	2016/7/8 7:14	1	1657.0	ae52ff04176a9e774aaf0f18a4a2518acd2f55f433539d748fbc727a3374de70	6553.04	2	-1	0.0	0.0	1	1	1	1	1NY5m4hHCc6dt21gBTnpTrWbcvTN7MuRXV	250000000.0	ae52ff04176a9e774aaf0f18a4a2518acd2f55f433539d748fbc727a3374de70	250000000.0	31575.0	0.9999999939649971	0.9999900000999989
2	2019/4/13 13:36	1	0.0	040f48e1bc3d060eff98742667cb9c9e4213838d3c329ab25722cc59aa7358e8	164178948.0	0	0.0	040f48e1bc3d060eff98742667cb9c9e4213838d3c329ab25722cc59aa7358e8	0.0	8293.992095	-1	164178948.0	1	1	164178948.0	164178948.0	0.0	2019/4/13 12:37	1	8293.992095	d2d471b81cac0dcf954d1f7dab166baaf53fcd86054dc53d5a495d8367787de2	17804.0	2	-1	0.0	0.0	1	1	1	1	35mMVpA2PJ4bgbrenhSTV9YT7GeZ2cLZ4o	164178948.0	d2d471b81cac0dcf954d1f7dab166baaf53fcd86054dc53d5a495d8367787de2	164178948.0	3580.0	0.999999998794308	0.9999900000999989
2	2023/1/27 17:39	1	0.0	b62eec4ebe9c2f96e5ebd41f7be00cbbd439f1e9c5e236889e7d1021899d2f6f	73720.0	0	0.0	b62eec4ebe9c2f96e5ebd41f7be00cbbd439f1e9c5e236889e7d1021899d2f6f	0.0	17.01059512	-1	73720.0	1	1	73720.0	73720.0	0.0	2023/1/27 17:13	1	17.01059512	97a0c3cb7de5250b49dfc5c2bd63e6919c0330f59ae3fb01012441f8df32c107	2385.0	2	-1	0.0	0.0	1	1	1	1	bc1qfuslakknuqv3xm693e83lgycz0ys5q73xp3ty4	73720.0	97a0c3cb7de5250b49dfc5c2bd63e6919c0330f59ae3fb01012441f8df32c107	73720.0	1572.0	0.9999994121314363	0.9999900000999989
5	2024/4/25 11:58	5	0.0	fd5ba8d49a31397eff004f3912a56dfae6994fbea378b2c244db7cf5525ec18a	194840.0	0	2015192.0	fd5ba8d49a31397eff004f3912a56dfae6994fbea378b2c244db7cf5525ec18a	0.0	125.6661496	-1	4442.0	2	1	2210032.0	194840.0	76769.61787	2024/4/22 17:03	4	1429.950608	86e3a6cba269b6eec6facd09de9ef6d638dd1a29b253cc2b365d9cdef808f298	16898.0	1	-1	0.0	185000000000.0	2	5	1	1	bc1qcn9ge8x8huy7pq0t4gy553kxkx9azlw9qhjj9t	194840.0	fd5ba8d49a31397eff004f3912a56dfae6994fbea378b2c244db7cf5525ec18a	1173705.0	240907.0	0.08788146109252563	4.999950000499995
6	2022/11/28 10:31	4	68652841011.0	d7297d6c406ace55c1b31d6411d117fed7a35bb45a5cf74d4688437335bdea01	652911.0	1	0.0	d7297d6c406ace55c1b31d6411d117fed7a35bb45a5cf74d4688437335bdea01	1918.177309	108.1220791	-1	45146.0	2	2	652911.0	45146.0	284.1330519	2022/11/17 15:45	6	108.4055148	5fb1ae79289462066702234f2677bb50dc5340b3ac3b82a73693e50538a1a9c7	12544.0	4	-1	74261.33333	10122025884.0	4	4	2	4	bc1qfgea873d6vcz3094q4qcntlf58fxk0qzu39xcj	320204.0	3024c7b65276e2a943bda7e8118377ee1debcf776bd1f3d3f83e756e89e85706	320204.0	931540.0	0.9973853205311911	0.9999975000062501
12	2024/1/26 0:21	6	5340000000000.0	7620dc049a43c12a25e129f819a6bb5c1b98189d242a05967ff9c2ccb16c7ee0	16458794.0	0	0.0	b97c88365db21bfba8c1882db5789b7a5bc0481efb37f75b402401f87cf09ed8	214556.817	3475.66023	-1	581413.0	6	6	16458794.0	581413.0	214377.2082	2020/2/22 7:22	7	3458.536319	0882216cad29dfdc758d296eba75a9726df79d2e26e3884319d768d802458456	48561.16393	10	-1	23941964.05	5340000000000.0	8	6	6	6	1ADYYkvqJRjNkdiTtf6g4MsTTqF3tLJ6QU	7632347.0	0767aae9747225cb2afe6624a64d6d5bbd289193f17f9c44f96e51d3b73fd435	7632347.0	123872384.0	1.0049511988225814	0.9999983333361112
2	2024/1/17 11:05	1	0.0	caf75d90631e4a14043a1d96bc28e960e9550e2e9ed9b935e9db688cba23490b	199970000.0	0	0.0	caf75d90631e4a14043a1d96bc28e960e9550e2e9ed9b935e9db688cba23490b	0.0	85524.56939	-1	199970000.0	1	1	199970000.0	199970000.0	0.0	2024/1/17 10:46	1	85524.56939	4139c2818df980faaf302e471df4d3a818796b9f890a6a34574d2ec938831385	47640.0	2	-1	0.0	0.0	1	1	1	1	3L3zVhkJw9v313b8UwaXfbkXB5goj5DX6m	199970000.0	4139c2818df980faaf302e471df4d3a818796b9f890a6a34574d2ec938831385	199970000.0	1184.0	0.9999999998830745	0.9999900000999989
4	2024/2/20 11:30	2	2500000000000000.0	2b859c70d7821ffd4d65c21770744454c4a2bf0d768e0d070cc86c17dc39e1de	100020800.0	0	0.0	1ee064324886dbb385f75208a9374f7c18bc65efc66f63a8282b4c454a28c511	682584314.4	52274.37081	-1	20800.0	1	1	100020800.0	20800.0	682584314.4	2024/2/20 10:08	2	52274.37081	e824bdce1a06a3b2faf6d447357f74d1506b7e6a96710d724f0a9aa4671d8999	5055.699597	39	-1	93307.46208	2500000000000000.0	1	2	2	2	36MiHcqeHHkxucMEYjWpVzWrcYb7dKLfQC	100000000.0	4bb5391ac1b0bd9ad55fdeb366dc4cc4acfaf915174739d11bcd9076d061c219	100000000.0	4921.0	0.9999999998087016	0.9999950000249999
2	2023/4/17 20:34	1	0.0	69ddaf17d0a5517f31b9fb72787a27196dde5943b0571f61a59e41ea80b84bb3	862199.0	0	0.0	69ddaf17d0a5517f31b9fb72787a27196dde5943b0571f61a59e41ea80b84bb3	0.0	253.7874135	-1	862199.0	1	1	862199.0	862199.0	0.0	2023/4/15 10:45	1	261.2428482	deb1d183c19eb7184db3b0db823f7f6c6e0523555cac78a4373c822753f8cab4	2790.0	2	-1	0.0	0.0	2	1	1	1	3CpiNncq6AYAJ7S6N5tt6TeZ78rzk7kT3F	862199.0	deb1d183c19eb7184db3b0db823f7f6c6e0523555cac78a4373c822753f8cab4	862199.0	208132.0	0.9714616324772702	0.9999900000999989
1	2024/5/21 13:28	1	0.0		0.0	0	30088366.0		0.0	0.0	-1	30088366.0	1	0	30088366.0		0.0	2024/5/21 13:28	1	21484.47739	bfada706cf88a1b39d1bc039af445ed5c85c66a201eaeedfe34de49704e985d8	0.0	0	-1	0.0	0.0	1	1	0	0	bc1qmqql5x8e5rmkae0q5n0rjsen46dh7qukt30n5v		bfada706cf88a1b39d1bc039af445ed5c85c66a201eaeedfe34de49704e985d8	30088366.0	0.0	0.0	99999.99999999999
8	2024/3/17 14:54	4	79800000000000.0	fc42123459c99b8fcb7ac324b1ef635a4fcf199abb8160821f25baaa4b2f5a61	35655165.0	0	0.0	a6e380eb984947d8a87725b4934b29b39ed024cce0943dfc9a6cfcb382ce0dee	29864140.45	21814.721	-1	32253.0	1	2	35655165.0	32253.0	29876922.31	2024/2/29 18:25	4	21810.01484	fe0091df6efe247e596694efb45f7a218a9f57f3eb9491eb8cda3429ef2af83b	17380.30247	64	-1	9966447.823	79800000000000.0	2	4	4	4	3B8tzghyhKqbf1ECsC9Zaq5PUQeMYWFm48	19190000.0	12a21853a11e250dd8babaf0765892e39da08ea1da0a3f23dab68fff7e8fdd02	19190000.0	1456161.0	1.0002157793120439	0.9999975000062501
1	2023/1/28 11:09	1	0.0		0.0	0	13915683.0		0.0	0.0	-1	13915683.0	1	0	13915683.0		0.0	2023/1/28 11:09	1	3204.489566	e2c71a9b79d321a3e58d565c3ab6f9bb7e6e559c2578bb4da07f6fe5d6627e05	0.0	0	-1	0.0	0.0	1	1	0	0	bc1q27jucdhqnzfqjq9znmtcgkysmwr07slanhsdwr		e2c71a9b79d321a3e58d565c3ab6f9bb7e6e559c2578bb4da07f6fe5d6627e05	13915683.0	0.0	0.0	99999.99999999999
2	2024/1/17 3:21	1	0.0	4ffd07c82a08a4b1cd117ad0929bfce3913485c25b6796653f33bfde74ccfddf	114721184.0	0	0.0	4ffd07c82a08a4b1cd117ad0929bfce3913485c25b6796653f33bfde74ccfddf	0.0	49064.75902	-1	114721184.0	1	1	114721184.0	114721184.0	0.0	2024/1/16 20:24	1	49497.02844	b6f6d4d6f31dba454d502207c7d17323b69c9e672bbfc19122ff4d8403aa925a	119803.0	154	-1	0.0	0.0	2	1	1	1	bc1qtrmm7744cma7a9q8ys70kc0cx4nm4p8gpx6zez	114721184.0	b6f6d4d6f31dba454d502207c7d17323b69c9e672bbfc19122ff4d8403aa925a	114721184.0	25024.0	0.9912667599745575	0.9999900000999989
27	2022/7/5 9:42	21	1720000000000000.0	870926d8b72a198c3e7a6c32d342bacf21e0588e8f7efeefa3560dfa7d7090fc	370043541.0	1	0.0	26f17d0785e472f744a3650fcd88ec11d3c039735d1c67dd4226d4887f660092	144149501.8	100876.031	-1	10437.0	13	5	370043541.0	10437.0	47225520.1	2022/4/15 15:05	26	97208.03158	ca6a3bc673a59b8c3b54b4f5c4b32c5ce9a5d48c7286c2868e6b6b0bccf8f2ff	12314.89697	24	-1	99791.68451	734000000000000.0	16	21	6	21	bc1q80epcvyzy3hsxgwdkv69smk7nd2p8tn0ctm868	97276770.0	f1203e41bf3e5de9145606e66ad2bc9f1fad7ce85ce3fdff232be9bea485ee4d	97276770.0	6979053.0	1.0377335015430693	0.9999995238097505
2	2021/6/23 4:30	1	0.0	1aab3d34ec70650f1589dc22eed9cc5703d63d67e74f2fe71c0929b0afbdd1a6	11309414.0	1	0.0	1aab3d34ec70650f1589dc22eed9cc5703d63d67e74f2fe71c0929b0afbdd1a6	0.0	3808.365999	-1	11309414.0	1	1	11309414.0	11309414.0	0.0	2021/6/23 4:20	1	3808.365999	7b771d8069eb7f6d861eaedb77753ed2c575b78eb70efb9927757d9be102ddb9	12971.0	2	-1	0.0	0.0	1	1	1	1	3Qfw1rFvZGTcrGuE1ccYQTdP8NvYhBdryU	11309414.0	7b771d8069eb7f6d861eaedb77753ed2c575b78eb70efb9927757d9be102ddb9	11309414.0	606.0	0.9999999973742019	0.9999900000999989
0		0	0.0		0.0	0	0.0		0.0	0.0	-1		0	0	0.0		0.0		0	0.0		0.0	0	-1	0.0	0.0	0	0	0	0	bc1q9mpuzmsyhkysy8ez0p05rer2428tjclwknmsrm					0.0	0.0
2	2023/11/13 11:39	1	0.0	ea5e0667b57e63a1e3bd5b33a83022bc4b88b969455478367581d1d952c04d17	962623.0	0	0.0	ea5e0667b57e63a1e3bd5b33a83022bc4b88b969455478367581d1d952c04d17	0.0	351.1485058	-1	962623.0	1	1	962623.0	962623.0	0.0	2023/11/11 15:49	1	357.6192576	c78f842f2f75a4d26c1b1b00120c767770c40c1c05fec7f96489a2c9ac794ced	3362.720207	2	-1	0.0	0.0	2	1	1	1	bc1qcgagskvd5fwyfsml0w7ywp0xffqv5cc86xmgw6	962623.0	c78f842f2f75a4d26c1b1b00120c767770c40c1c05fec7f96489a2c9ac794ced	962623.0	157795.0	0.9819060034336919	0.9999900000999989
2	2024/3/17 8:12	1	0.0	d247db74a49441754297589b6f5687ca258e150f2ee9f5518a24ada59cfb7436	6000.0	0	0.0	d247db74a49441754297589b6f5687ca258e150f2ee9f5518a24ada59cfb7436	0.0	4.103472	-1	6000.0	1	1	6000.0	6000.0	0.0	2023/11/3 11:04	1	2.083122	f3cafc369d93cb4a129dd044ed75aa7fd224a4cbc71adc0914b0ab5518f03f67	3019.666667	2	-1	0.0	0.0	2	1	1	1	bc1qmp34tv0dncn0epmjqljaf8nmvt67qr7tna7jtq	6000.0	f3cafc369d93cb4a129dd044ed75aa7fd224a4cbc71adc0914b0ab5518f03f67	6000.0	11653713.0	1.9698569269734227	0.9999900000999989
